"Variable","Shapiro_p"
"IMC",0.0814097836594573
"ALT",4.91130426112436e-08
"LDL",0.010828755197766
"Gluc",0.660157496604044
"CreatininaSerica",3.68229704845094e-05
"TRI",0.0987229196754468
"Insulina",0.000287282940158446
"DHL",0.000238640262875103
